PassengerId,Survived,Pclass,Name,Sex,Age,SibSp,Parch,Ticket,Fare,Embarked
1,0,3,Passenger 1,female,73,0,1,A100,170.19,S
2,1,2,Passenger 2,female,59,2,1,A101,74.21,C
3,0,2,Passenger 3,female,70,1,4,A102,191.58,S
4,0,2,Passenger 4,female,3,0,3,A103,136.97,C
5,0,2,Passenger 5,female,20,1,0,A104,99.09,Q
6,1,2,Passenger 6,female,59,1,4,A105,101.14,Q
7,0,2,Passenger 7,female,36,2,1,A106,21.24,Q
8,0,3,Passenger 8,male,19,1,1,A107,22.88,Q
9,0,3,Passenger 9,female,67,1,4,A108,122.48,S
10,1,2,Passenger 10,female,19,2,3,A109,112.97,C
11,0,3,Passenger 11,male,20,1,1,A110,46.48,C
12,0,1,Passenger 12,female,71,1,3,A111,189.51,S
13,0,2,Passenger 13,male,52,1,1,A112,157.35,C
14,0,1,Passenger 14,male,33,0,1,A113,27.13,Q
15,1,1,Passenger 15,female,40,0,2,A114,186.53,C
16,0,2,Passenger 16,male,39,0,1,A115,194.98,Q
17,1,3,Passenger 17,male,1,2,0,A116,199.21,S
18,1,1,Passenger 18,male,11,4,4,A117,15.89,C
19,1,2,Passenger 19,male,57,1,4,A118,148.72,S
20,0,1,Passenger 20,female,50,1,3,A119,111.45,C
21,1,1,Passenger 21,male,23,2,1,A120,142.64,Q
22,0,1,Passenger 22,female,31,1,0,A121,193.89,S
23,1,1,Passenger 23,male,42,0,3,A122,139.17,C
24,1,3,Passenger 24,male,7,4,2,A123,168.21,Q
25,1,1,Passenger 25,male,16,3,3,A124,174.04,S
26,1,1,Passenger 26,male,60,1,3,A125,168.5,S
27,1,1,Passenger 27,female,2,0,1,A126,88.09,C
28,1,3,Passenger 28,female,1,3,2,A127,48.4,C
29,1,1,Passenger 29,male,48,4,3,A128,82.35,C
30,1,1,Passenger 30,male,12,3,0,A129,178.92,Q
31,0,3,Passenger 31,female,69,0,0,A130,33.59,C
32,0,3,Passenger 32,male,37,3,4,A131,105.1,S
33,1,3,Passenger 33,male,32,2,2,A132,50.48,S
34,1,1,Passenger 34,male,9,3,2,A133,118.35,C
35,1,3,Passenger 35,female,19,1,4,A134,173.31,C
36,0,3,Passenger 36,female,48,1,3,A135,176.67,S
37,1,1,Passenger 37,female,3,2,2,A136,51.15,Q
38,0,3,Passenger 38,male,20,0,0,A137,182.0,C
39,0,1,Passenger 39,male,24,1,0,A138,120.42,C
40,0,2,Passenger 40,female,54,4,1,A139,73.29,S
41,0,3,Passenger 41,female,33,1,2,A140,143.1,C
42,0,2,Passenger 42,female,24,1,3,A141,98.93,Q
43,1,1,Passenger 43,female,75,0,4,A142,78.71,S
44,1,3,Passenger 44,male,72,3,4,A143,142.49,C
45,1,1,Passenger 45,female,36,1,3,A144,53.5,S
46,1,2,Passenger 46,male,38,2,1,A145,69.4,C
47,1,1,Passenger 47,female,25,3,4,A146,89.72,C
48,0,3,Passenger 48,male,18,4,2,A147,54.47,C
49,1,3,Passenger 49,female,66,0,1,A148,84.01,Q
50,1,2,Passenger 50,female,54,4,2,A149,116.44,Q
51,0,1,Passenger 51,female,35,3,0,A150,149.49,S
52,1,3,Passenger 52,female,61,3,1,A151,154.6,C
53,0,2,Passenger 53,male,41,3,4,A152,165.44,C
54,1,3,Passenger 54,female,33,4,1,A153,150.12,Q
55,0,3,Passenger 55,male,68,3,1,A154,137.8,C
56,1,1,Passenger 56,male,33,4,1,A155,51.31,Q
57,1,3,Passenger 57,male,14,3,1,A156,83.04,C
58,0,1,Passenger 58,male,21,2,2,A157,98.15,S
59,0,3,Passenger 59,female,48,3,0,A158,21.16,C
60,0,2,Passenger 60,male,20,4,3,A159,108.03,C
61,0,3,Passenger 61,male,8,1,1,A160,90.09,Q
62,0,1,Passenger 62,male,7,3,4,A161,161.41,C
63,0,1,Passenger 63,female,67,1,1,A162,195.69,C
64,0,2,Passenger 64,female,17,2,4,A163,113.42,Q
65,0,3,Passenger 65,female,33,0,2,A164,67.92,S
66,1,3,Passenger 66,female,48,2,4,A165,13.46,S
67,1,2,Passenger 67,male,76,3,3,A166,185.31,Q
68,0,3,Passenger 68,male,59,1,0,A167,184.23,Q
69,1,3,Passenger 69,female,22,1,4,A168,54.33,Q
70,1,1,Passenger 70,male,30,4,4,A169,140.61,Q
71,1,3,Passenger 71,male,38,1,0,A170,19.71,Q
72,1,3,Passenger 72,male,51,4,3,A171,37.41,S
73,0,2,Passenger 73,female,54,0,1,A172,47.28,S
74,1,2,Passenger 74,female,8,3,4,A173,62.43,Q
75,0,1,Passenger 75,male,27,4,0,A174,199.19,C
76,1,3,Passenger 76,female,27,0,2,A175,140.9,Q
77,1,3,Passenger 77,female,21,1,0,A176,79.92,C
78,1,3,Passenger 78,female,30,1,2,A177,148.73,Q
79,0,1,Passenger 79,female,28,0,3,A178,183.47,Q
80,1,1,Passenger 80,female,64,1,1,A179,191.95,S
81,0,2,Passenger 81,male,69,0,0,A180,16.28,C
82,1,1,Passenger 82,female,61,4,4,A181,81.93,C
83,0,3,Passenger 83,male,48,4,3,A182,25.82,S
84,1,3,Passenger 84,male,19,0,0,A183,70.45,S
85,0,1,Passenger 85,female,4,4,4,A184,38.09,S
86,0,3,Passenger 86,male,35,4,0,A185,131.14,S
87,1,3,Passenger 87,male,64,4,2,A186,80.71,C
88,0,1,Passenger 88,male,49,2,0,A187,49.73,C
89,1,1,Passenger 89,female,17,3,0,A188,56.86,Q
90,1,3,Passenger 90,female,44,1,0,A189,75.27,Q
91,1,3,Passenger 91,male,30,2,3,A190,55.69,S
92,1,3,Passenger 92,female,46,4,0,A191,93.38,S
93,1,2,Passenger 93,female,6,0,4,A192,11.3,S
94,1,2,Passenger 94,female,37,4,2,A193,59.55,Q
95,1,2,Passenger 95,female,24,3,2,A194,85.19,Q
96,1,1,Passenger 96,male,46,4,0,A195,122.54,Q
97,1,2,Passenger 97,male,53,0,3,A196,57.84,Q
98,1,1,Passenger 98,female,60,3,3,A197,30.97,Q
99,1,1,Passenger 99,female,63,4,4,A198,19.86,Q
100,0,2,Passenger 100,male,32,3,0,A199,188.4,Q
